,Neighbourhhood
0,
1,North City Central/O'Connell Street
2,Clontarf
3,
4,City Centre
5,
6,City Centre
7,Ballsbridge
8,Grafton Street/St. Stephens Green
9,Temple Bar
10,
11,City Centre
12,
13,Ranelagh and Rathmines
14,
15,City Centre
16,
17,City Centre
18,
19,City Centre
20,City Centre
21,Ballsbridge
22,Drumcondra
23,
24,City Centre
25,City Centre
26,Temple Bar
27,Old City
28,
29,City Centre
30,
31,City Centre
32,
33,City Centre
34,
35,Ranelagh and Rathmines
36,
37,City Centre
38,
39,City Centre
40,
41,City Centre
42,
43,City Centre
44,
45,City Centre
46,
47,City Centre
48,
49,City Centre
50,City Centre
51,
52,City Centre
53,Monkstown
54,
55,City Centre
56,North City Central/O'Connell Street
57,
58,City Centre
59,
60,City Centre
61,
62,City Centre
63,
64,Drumcondra
65,Beaumont
66,Clontarf
67,Glasnevin
68,
69,City Centre
70,Ballsbridge
71,Docklands
72,
73,City Centre
74,
75,City Centre
76,Clontarf
77,Glasnevin
78,Old City
79,Ringsend/Irishtown
80,Smithfield
81,Temple Bar
82,Trinity College
83,
84,City Centre
85,
86,City Centre
87,
88,City Centre
89,
90,Grafton Street/St. Stephens Green
91,
92,City Centre
93,Old City
94,
95,City Centre
96,
97,City Centre
98,
99,City Centre
100,Artane
101,Clontarf
102,Fairview
103,Grafton Street/St. Stephens Green
104,Temple Bar
105,Trinity College
106,
107,City Centre
108,
109,City Centre
110,
111,City Centre
112,
113,City Centre
114,Temple Bar
115,
116,City Centre
117,
118,City Centre
119,Clontarf
120,
121,City Centre
122,
123,City Centre
124,
125,Old City
126,
127,City Centre
128,
129,City Centre
130,City Centre
131,Trinity College
132,Trinity College
133,
134,City Centre
135,
136,City Centre
137,
138,Drumcondra
139,East Wall
140,North Strand
141,Ringsend/Irishtown
142,
143,City Centre
144,City Centre
145,City Centre
146,
147,City Centre
148,
149,Ringsend/Irishtown
150,Ballybough
151,City Centre
152,East Wall
153,
154,City Centre
155,
156,City Centre
157,
158,City Centre
159,City Centre
160,North City Central/O'Connell Street
161,Ranelagh and Rathmines
162,Temple Bar
163,
164,City Centre
165,Grafton Street/St. Stephens Green
166,Phoenix Park and Surrounds
167,Trinity College
168,
169,City Centre
170,
171,City Centre
172,City Centre
173,Temple Bar
174,
175,City Centre
176,City Centre
177,Old City
178,
179,City Centre
180,
181,Addison Park
182,Courtlands
183,
184,City Centre
185,
186,City Centre
187,
188,City Centre
189,
190,City Centre
191,City Centre
192,Docklands
193,Old City
194,
195,City Centre
196,
197,City Centre
198,Stoneybatter/Arbour Hill
199,
200,City Centre
201,
202,City Centre
203,
204,City Centre
205,Grafton Street/St. Stephens Green
206,Temple Bar
207,Trinity College
208,
209,City Centre
210,City Centre
211,Portobello
212,Grafton Street/St. Stephens Green
213,Temple Bar
214,
215,City Centre
216,
217,City Centre
218,Clontarf
219,City Centre
220,
221,City Centre
222,
223,City Centre
224,
225,Ballymun
226,
227,City Centre
228,Ranelagh and Rathmines
229,
230,Ranelagh and Rathmines
231,
232,City Centre
233,Docklands
234,Docklands
235,
236,Docklands
237,Docklands
238,Docklands
239,Docklands
240,
241,City Centre
242,
243,City Centre
244,
245,City Centre
246,
247,City Centre
248,
249,City Centre
250,North Strand
251,
252,City Centre
253,Temple Bar
254,
255,City Centre
256,
257,City Centre
258,
259,City Centre
260,
261,City Centre
262,
263,City Centre
264,
265,Clontarf
266,Drumcondra
267,
268,City Centre
269,Temple Bar
270,
271,City Centre
272,
273,City Centre
274,City Centre
275,North City Central/O'Connell Street
276,
277,City Centre
278,
279,City Centre
280,
281,City Centre
282,
283,City Centre
284,City Centre
285,Drumcondra
286,North City Central/O'Connell Street
287,Docklands
288,
289,City Centre
290,
291,City Centre
292,Grafton Street/St. Stephens Green
293,Temple Bar
294,Trinity College
295,
296,Ranelagh and Rathmines
297,
298,City Centre
299,Docklands
300,
301,City Centre
302,City Centre
303,Temple Bar
304,Trinity College
305,
306,City Centre
307,
308,Old City
309,
310,City Centre
311,
312,City Centre
313,
314,Temple Bar
315,City Centre
316,
317,City Centre
318,City Centre
319,
320,City Centre
321,
322,City Centre
323,
324,City Centre
325,Temple Bar
326,
327,City Centre
328,
329,City Centre
330,Old City
331,
332,City Centre
333,City Centre
334,Old City
335,
336,City Centre
337,City Centre
338,
339,Ballsbridge
340,
341,Ballsbridge
342,
343,Ballsbridge
344,City Centre
345,Ballsbridge
346,Donnybrook
347,City Centre
348,Docklands
349,Ballsbridge
350,Donnybrook
351,Ballsbridge
352,
353,City Centre
354,
355,City Centre
356,
357,City Centre
358,City Centre
359,Addison Park
360,Grafton Street/St. Stephens Green
361,Portobello
362,Rathgar
363,Terenure
364,
365,City Centre
366,
367,City Centre
368,Docklands
369,Ranelagh and Rathmines
370,Rathfarnham
371,
372,Ranelagh and Rathmines
373,
374,City Centre
375,
376,City Centre
377,City Centre
378,
379,City Centre
380,City Centre
381,North City Central/O'Connell Street
382,
383,City Centre
384,Old City
385,
386,City Centre
387,
388,City Centre
389,
390,City Centre
391,
392,City Centre
393,
394,City Centre
395,Old City
396,Phibsborough
397,Temple Bar
398,Trinity College
399,City Centre
400,Old City
401,Temple Bar
402,Temple Bar
403,
404,City Centre
405,Temple Bar
406,
407,Cabra
408,Clontarf
409,Clontarf
410,Drumcondra
411,Smithfield
412,Trinity College
413,Drumcondra
414,Rathfarnham
415,Clontarf
416,Drumcondra
417,Smithfield
418,Trinity College
419,Rathfarnham
420,Dundrum
421,Grafton Street/St. Stephens Green
422,
423,Temple Bar
424,
425,City Centre
426,
427,City Centre
428,
429,Ranelagh and Rathmines
430,
431,City Centre
432,
433,City Centre
434,
435,City Centre
436,
437,City Centre
438,
439,City Centre
440,
441,City Centre
442,
443,City Centre
444,
445,City Centre
446,Old City
447,Ballsbridge
448,Donnybrook
449,Fairview
450,Georgian Quarter
451,Islandbridge
452,Kilmainham
453,Kimmage
454,Phoenix Park and Surrounds
455,Portobello
456,Ranelagh and Rathmines
457,Rathgar
458,Ringsend/Irishtown
459,Stoneybatter/Arbour Hill
460,Trinity College
461,
462,City Centre
463,
464,City Centre
465,
466,Temple Bar
467,
468,City Centre
469,
470,Cabra
471,
472,City Centre
473,
474,Temple Bar
475,Temple Bar
476,City Centre
477,
478,City Centre
479,City Centre
480,
481,Crumlin
482,
483,City Centre
484,
485,Temple Bar
486,Phibsborough
487,
488,City Centre
489,Docklands
490,Old City
491,Phoenix Park and Surrounds
492,Smithfield
493,Trinity College
494,
495,City Centre
496,Cabra
497,Phoenix Park and Surrounds
498,Temple Bar
499,Trinity College
500,
501,Ringsend/Irishtown
502,
503,City Centre
504,
505,City Centre
506,
507,City Centre
508,
509,City Centre
510,
511,City Centre
512,
513,City Centre
514,
515,City Centre
516,
517,City Centre
518,
519,City Centre
520,
521,Sandymount
522,
523,Portobello
524,
525,Ballsbridge
526,Donnybrook
527,Portobello
528,
529,Old City
530,Donnybrook
531,
532,City Centre
533,
534,City Centre
535,
536,City Centre
537,Docklands
538,Old City
539,
540,City Centre
541,
542,City Centre
543,
544,City Centre
545,
546,Ballsbridge
547,Sandymount
548,
549,Monkstown
550,
551,City Centre
552,
553,City Centre
554,
555,Ballsbridge
556,Ardilea
557,
558,City Centre
559,
560,City Centre
561,
562,City Centre
563,
564,City Centre
565,
566,City Centre
567,Old City
568,
569,City Centre
570,
571,City Centre
572,
573,City Centre
574,
575,City Centre
576,Docklands
577,
578,City Centre
579,Stoneybatter/Arbour Hill
580,Temple Bar
581,City Centre
582,Temple Bar
583,
584,Temple Bar
585,Temple Bar
586,
587,City Centre
588,
589,Old City
590,City Centre
591,
592,City Centre
593,
594,Old City
595,
596,Old City
597,Old City
598,
599,Blackrock
600,Bonnybrook/Darndale
601,
602,City Centre
603,
604,City Centre
605,Old City
606,
607,Old City
608,
609,City Centre
610,City Centre
611,Old City
612,City Centre
613,Old City
614,Docklands
615,
616,City Centre
617,City Centre
618,Temple Bar
619,Temple Bar
620,Trinity College
621,
622,City Centre
623,
624,City Centre
625,Temple Bar
626,Trinity College
627,
628,City Centre
629,
630,City Centre
631,
632,City Centre
633,
634,City Centre
635,
636,City Centre
637,
638,City Centre
639,Temple Bar
640,
641,Ballsbridge
642,Donnybrook
643,Georgian Quarter
644,Grafton Street/St. Stephens Green
645,
646,City Centre
647,Portobello
648,
649,City Centre
650,Temple Bar
651,
652,City Centre
653,
654,City Centre
655,
656,City Centre
657,Dundrum
658,Dundrum
659,Dundrum
660,
661,City Centre
662,
663,Temple Bar
664,
665,City Centre
666,
667,City Centre
668,City Centre
669,Finglas
670,Finglas
671,Trinity College
672,
673,City Centre
674,Docklands
675,Old City
676,
677,City Centre
678,
679,Old City
680,
681,Donnybrook
682,
683,City Centre
684,City Centre
685,Old City
686,Old City
687,
688,City Centre
689,
690,City Centre
691,Old City
692,
693,City Centre
694,City Centre
695,Old City
696,
697,City Centre
698,
699,City Centre
700,
701,Temple Bar
702,
703,City Centre
704,Old City
705,
706,Ballsbridge
707,
708,City Centre
709,
710,City Centre
711,
712,City Centre
713,
714,City Centre
715,
716,Temple Bar
717,
718,Docklands
719,Old City
720,
721,City Centre
722,City Centre
723,North City Central/O'Connell Street
724,City Centre
725,North City Central/O'Connell Street
726,Ballsbridge
727,
728,City Centre
729,North City Central/O'Connell Street
730,Ballsbridge
731,
732,City Centre
733,
734,Artane
735,
736,City Centre
737,
738,City Centre
739,Old City
740,
741,City Centre
742,Kilmainham
743,
744,Ballsbridge
745,
746,Ballsbridge
747,Blackrock
748,Booterstown
749,Donnybrook
750,Monkstown
751,Ringsend/Irishtown
752,Sandymount
753,Ballsbridge
754,Blackrock
755,Donnybrook
756,Sandymount
757,
758,City Centre
759,Old City
760,
761,City Centre
762,
763,City Centre
764,Temple Bar
765,
766,Ballsbridge
767,City Centre
768,
769,City Centre
770,
771,Ranelagh and Rathmines
772,
773,City Centre
774,
775,City Centre
776,City Centre
777,North City Central/O'Connell Street
778,Old City
779,
780,Ballsbridge
781,Docklands
782,Donnybrook
783,Temple Bar
784,Trinity College
785,
786,City Centre
787,
788,Blackrock
789,Blackrock
790,Booterstown
791,Monkstown
792,Sandymount
793,
794,Blackrock
795,Booterstown
796,Monkstown
797,Sandymount
798,Booterstown
799,Monkstown
800,Sandymount
801,
802,City Centre
803,City Centre
804,Temple Bar
805,
806,City Centre
807,City Centre
808,Old City
809,
810,City Centre
811,
812,City Centre
813,
814,City Centre
815,
816,City Centre
817,
818,City Centre
819,
820,City Centre
821,
822,City Centre
823,
824,City Centre
825,
826,Grafton Street/St. Stephens Green
827,
828,City Centre
829,
830,City Centre
831,
832,Ranelagh and Rathmines
833,Drumcondra
834,Blackrock
835,Clontarf
836,Docklands
837,Donnybrook
838,Kilmainham
839,Kimmage
840,Monkstown
841,North City Central/O'Connell Street
842,Rathgar
843,Trinity College
844,Ranelagh and Rathmines
845,North City Central/O'Connell Street
846,Blackrock
847,Clontarf
848,Docklands
849,Donnybrook
850,Drumcondra
851,Fairview
852,Kilmainham
853,Kimmage
854,Monkstown
855,Portobello
856,Rathgar
857,Trinity College
858,Ranelagh and Rathmines
859,North City Central/O'Connell Street
860,Blackrock
861,Clontarf
862,Docklands
863,Donnybrook
864,Drumcondra
865,Kilmainham
866,Kimmage
867,Monkstown
868,Rathgar
869,Trinity College
870,
871,City Centre
872,
873,Docklands
874,Old City
875,Old City
876,Docklands
877,
878,Donnybrook
879,
880,City Centre
881,
882,City Centre
883,
884,Docklands
885,
886,City Centre
887,
888,City Centre
889,
890,City Centre
891,
892,City Centre
893,
894,City Centre
895,
896,City Centre
897,Docklands
898,Ranelagh and Rathmines
899,City Centre
900,Docklands
901,Ranelagh and Rathmines
902,Addison Park
903,Ardilea
904,Artane
905,Ballsbridge
906,Ballybough
907,Courtlands
908,Donnybrook
909,Drumcondra
910,East Wall
911,Georgian Quarter
912,Glasnevin
913,Grafton Street/St. Stephens Green
914,Islandbridge
915,Kilmainham
916,North City Central/O'Connell Street
917,North Strand
918,Old City
919,Phibsborough
920,Phoenix Park and Surrounds
921,Portobello
922,Raheny
923,Rathgar
924,Rialto
925,Ringsend/Irishtown
926,Sandymount
927,Smithfield
928,Stoneybatter/Arbour Hill
929,Temple Bar
930,Trinity College
931,City Centre
932,Docklands
933,Ranelagh and Rathmines
934,Addison Park
935,Artane
936,Ballsbridge
937,Ballybough
938,Beaumont
939,Bonnybrook/Darndale
940,Cabra
941,Clontarf
942,Courtlands
943,Dartry
944,Donnybrook
945,Drumcondra
946,East Wall
947,Georgian Quarter
948,Grafton Street/St. Stephens Green
949,Inchicore
950,Islandbridge
951,Kilmainham
952,Knocklyon
953,North City Central/O'Connell Street
954,North Strand
955,Old City
956,Phibsborough
957,Phoenix Park and Surrounds
958,Portobello
959,Rathgar
960,Ringsend/Irishtown
961,Sandymount
962,Santry
963,Smithfield
964,Stoneybatter/Arbour Hill
965,Temple Bar
966,Trinity College
967,
968,City Centre
969,Docklands
970,Ranelagh and Rathmines
971,Addison Park
972,Ballsbridge
973,Blackrock
974,Courtlands
975,Donnybrook
976,Drumcondra
977,Georgian Quarter
978,Glasnevin
979,Grafton Street/St. Stephens Green
980,North City Central/O'Connell Street
981,North Strand
982,Old City
983,Phibsborough
984,Portobello
985,Smithfield
986,Stoneybatter/Arbour Hill
987,Temple Bar
988,Trinity College
989,
990,City Centre
991,
992,City Centre
993,
994,City Centre
995,
996,City Centre
997,
998,City Centre
999,
1000,City Centre
1001,
1002,City Centre
1003,
1004,City Centre
1005,
1006,City Centre
1007,
1008,Blackrock
1009,
1010,Temple Bar
1011,
1012,City Centre
1013,
1014,City Centre
1015,
1016,City Centre
1017,
1018,Drumcondra
1019,City Centre
1020,Old City
1021,
1022,Clontarf
1023,
1024,Old City
1025,
1026,Docklands
1027,
1028,City Centre
1029,
1030,City Centre
1031,
1032,City Centre
1033,
1034,City Centre
1035,Kilmainham
1036,Marino
1037,Temple Bar
1038,
1039,City Centre
1040,North City Central/O'Connell Street
1041,Phibsborough
1042,Smithfield
1043,Temple Bar
1044,Trinity College
1045,
1046,City Centre
1047,
1048,City Centre
1049,
1050,City Centre
1051,
1052,Donnybrook
1053,Sandymount
1054,
1055,Ballsbridge
1056,Booterstown
1057,Donnybrook
1058,Sandymount
1059,Ballsbridge
1060,Donnybrook
1061,Sandymount
1062,
1063,City Centre
1064,
1065,City Centre
1066,
1067,City Centre
1068,
1069,Temple Bar
1070,
1071,City Centre
1072,Drumcondra
1073,Docklands
1074,
1075,Temple Bar
1076,
1077,Temple Bar
1078,
1079,Donnybrook
1080,Ranelagh and Rathmines
1081,
1082,City Centre
1083,City Centre
1084,Clondalkin
1085,City Centre
1086,Ranelagh and Rathmines
1087,City Centre
1088,Trinity College
1089,Ranelagh and Rathmines
1090,
1091,City Centre
1092,Old City
1093,
1094,Temple Bar
1095,
1096,City Centre
1097,Temple Bar
1098,
1099,City Centre
1100,City Centre
1101,Temple Bar
1102,Temple Bar
1103,
1104,Old City
1105,
1106,City Centre
1107,
1108,City Centre
1109,
1110,City Centre
1111,
1112,City Centre
1113,
1114,Old City
1115,
1116,City Centre
1117,
1118,Blackrock
1119,Booterstown
1120,Monkstown
1121,Sandymount
1122,
1123,City Centre
1124,
1125,Old City
1126,
1127,Trinity College
1128,
1129,City Centre
1130,
1131,City Centre
1132,
1133,City Centre
1134,
1135,Temple Bar
1136,
1137,City Centre
1138,
1139,City Centre
1140,
1141,City Centre
1142,
1143,City Centre
1144,Old City
1145,
1146,City Centre
1147,City Centre
1148,Ballsbridge
1149,Temple Bar
1150,Trinity College
1151,
1152,Ballsbridge
1153,Donnybrook
1154,Raheny
1155,
1156,City Centre
1157,Docklands
1158,Ranelagh and Rathmines
1159,
1160,City Centre
1161,
1162,City Centre
1163,Old City
1164,
1165,City Centre
1166,
1167,City Centre
1168,
1169,City Centre
1170,City Centre
1171,
1172,City Centre
1173,
1174,Smithfield
1175,
1176,City Centre
1177,North City Central/O'Connell Street
1178,Docklands
1179,Ballsbridge
1180,Blackrock
1181,Old City
1182,Temple Bar
1183,Trinity College
1184,
1185,City Centre
1186,North City Central/O'Connell Street
1187,Ballsbridge
1188,Docklands
1189,Grafton Street/St. Stephens Green
1190,Smithfield
1191,Temple Bar
1192,Trinity College
1193,
1194,City Centre
1195,
1196,City Centre
1197,
1198,City Centre
1199,
1200,City Centre
1201,
1202,City Centre
1203,
1204,City Centre
1205,
1206,City Centre
1207,
1208,City Centre
1209,City Centre
1210,
1211,City Centre
1212,
1213,Temple Bar
1214,
1215,City Centre
1216,
1217,City Centre
1218,North City Central/O'Connell Street
1219,Temple Bar
1220,Trinity College
1221,City Centre
1222,North City Central/O'Connell Street
1223,Temple Bar
1224,Trinity College
1225,
1226,City Centre
1227,
1228,City Centre
1229,Temple Bar
1230,Temple Bar
1231,
1232,City Centre
1233,
1234,City Centre
1235,
1236,City Centre
1237,
1238,City Centre
1239,
1240,City Centre
1241,Phoenix Park and Surrounds
1242,
1243,Ballsbridge
1244,Donnybrook
1245,Ranelagh and Rathmines
1246,Rathfarnham
1247,Rathgar
1248,Ringsend/Irishtown
1249,
1250,City Centre
1251,
1252,City Centre
1253,
1254,City Centre
1255,
1256,City Centre
1257,
1258,City Centre
1259,
1260,Blackrock
1261,
1262,City Centre
1263,
1264,City Centre
1265,Temple Bar
1266,
1267,City Centre
1268,North City Central/O'Connell Street
1269,Temple Bar
1270,
1271,City Centre
1272,
1273,North City Central/O'Connell Street
1274,
1275,City Centre
1276,City Centre
1277,Ranelagh and Rathmines
1278,Docklands
1279,Donnybrook
1280,Portobello
1281,
1282,City Centre
1283,
1284,City Centre
1285,
1286,City Centre
1287,
1288,City Centre
1289,Old City
1290,Old City
1291,
1292,City Centre
1293,City Centre
1294,
1295,City Centre
1296,
1297,City Centre
1298,
1299,City Centre
1300,
1301,City Centre
1302,North City Central/O'Connell Street
1303,
1304,City Centre
1305,
1306,City Centre
1307,
1308,City Centre
1309,
1310,City Centre
1311,City Centre
1312,Old City
1313,
1314,City Centre
1315,
1316,Temple Bar
1317,
1318,Temple Bar
1319,
1320,City Centre
1321,
1322,City Centre
1323,
1324,City Centre
1325,
1326,City Centre
1327,
1328,City Centre
1329,Temple Bar
1330,
1331,City Centre
1332,
1333,City Centre
1334,
1335,City Centre
1336,
1337,City Centre
1338,
1339,City Centre
1340,
1341,City Centre
1342,
1343,City Centre
1344,
1345,City Centre
1346,
1347,City Centre
1348,
1349,City Centre
1350,
1351,City Centre
1352,Old City
1353,
1354,City Centre
1355,
1356,City Centre
1357,
1358,Docklands
1359,
1360,Ranelagh and Rathmines
1361,Ballsbridge
1362,Donnybrook
1363,Georgian Quarter
1364,Old City
1365,Portobello
1366,Rathgar
1367,Ringsend/Irishtown
1368,Sandymount
1369,Temple Bar
1370,Terenure
1371,Trinity College
1372,
1373,City Centre
1374,
1375,City Centre
1376,
1377,City Centre
1378,
1379,City Centre
1380,
1381,City Centre
1382,
1383,City Centre
1384,
1385,Ringsend/Irishtown
1386,
1387,City Centre
1388,
1389,City Centre
1390,
1391,Ranelagh and Rathmines
1392,
1393,City Centre
1394,
1395,City Centre
1396,Drumcondra
1397,City Centre
1398,
1399,Grafton Street/St. Stephens Green
1400,
1401,City Centre
1402,
1403,Temple Bar
1404,
1405,City Centre
1406,
1407,City Centre
1408,
1409,City Centre
1410,
1411,City Centre
1412,
1413,City Centre
1414,
1415,City Centre
1416,
1417,City Centre
1418,
1419,City Centre
1420,
1421,City Centre
1422,
1423,City Centre
1424,
1425,City Centre
1426,Ranelagh and Rathmines
1427,Harold's Cross
1428,Ranelagh and Rathmines
1429,Rathgar
1430,Terenure
1431,
1432,City Centre
1433,
1434,City Centre
1435,
1436,City Centre
1437,North City Central/O'Connell Street
1438,Smithfield
1439,Ballsbridge
1440,Courtlands
1441,Docklands
1442,Grafton Street/St. Stephens Green
1443,Old City
1444,Temple Bar
1445,Trinity College
1446,City Centre
1447,North City Central/O'Connell Street
1448,Smithfield
1449,Ballsbridge
1450,Courtlands
1451,Docklands
1452,Old City
1453,Temple Bar
1454,Trinity College
1455,
1456,City Centre
1457,Ballsbridge
1458,Temple Bar
1459,Trinity College
1460,
1461,City Centre
1462,
1463,City Centre
1464,
1465,City Centre
1466,
1467,City Centre
1468,Docklands
1469,
1470,City Centre
1471,City Centre
1472,Old City
1473,
1474,City Centre
1475,Docklands
1476,
1477,City Centre
1478,
1479,City Centre
1480,North City Central/O'Connell Street
1481,City Centre
1482,North City Central/O'Connell Street
1483,Phibsborough
1484,Stoneybatter/Arbour Hill
1485,
1486,City Centre
1487,City Centre
1488,Docklands
1489,North City Central/O'Connell Street
1490,
1491,Georgian Quarter
1492,
1493,City Centre
1494,City Centre
1495,Portobello
1496,Portobello
1497,
1498,Ballsbridge
1499,City Centre
1500,
1501,City Centre
1502,
1503,Ballymun
1504,
1505,City Centre
1506,
1507,City Centre
1508,Temple Bar
1509,
1510,City Centre
1511,
1512,Ranelagh and Rathmines
1513,
1514,City Centre
1515,City Centre
1516,City Centre
1517,
1518,City Centre
1519,
1520,City Centre
1521,
1522,City Centre
1523,
1524,City Centre
1525,Temple Bar
1526,
1527,City Centre
1528,Temple Bar
1529,Trinity College
1530,
1531,City Centre
1532,
1533,City Centre
1534,
1535,City Centre
1536,
1537,City Centre
1538,
1539,City Centre
1540,
1541,Docklands
1542,Temple Bar
1543,
1544,City Centre
1545,Old City
1546,Old City
1547,
1548,City Centre
1549,
1550,City Centre
1551,
1552,City Centre
1553,Docklands
1554,Old City
1555,City Centre
1556,Old City
1557,Docklands
1558,
1559,Ranelagh and Rathmines
1560,
1561,City Centre
1562,Temple Bar
1563,
1564,City Centre
1565,City Centre
1566,
1567,City Centre
1568,
1569,City Centre
1570,
1571,City Centre
1572,
1573,City Centre
1574,Old City
1575,Temple Bar
1576,Santry
1577,
1578,City Centre
1579,Grafton Street/St. Stephens Green
1580,Temple Bar
1581,Trinity College
1582,
1583,Old City
1584,
1585,City Centre
1586,Old City
1587,
1588,City Centre
1589,
1590,City Centre
1591,
1592,Clontarf
1593,
1594,City Centre
1595,Trinity College
1596,
1597,City Centre
1598,
1599,City Centre
1600,
1601,Ranelagh and Rathmines
1602,
1603,City Centre
1604,Docklands
1605,North City Central/O'Connell Street
1606,Ballyfermot
1607,Grafton Street/St. Stephens Green
1608,Ringsend/Irishtown
1609,Temple Bar
1610,Trinity College
1611,
1612,City Centre
1613,
1614,City Centre
1615,City Centre
1616,
1617,City Centre
1618,
1619,Phibsborough
1620,Phoenix Park and Surrounds
1621,Phibsborough
1622,Phoenix Park and Surrounds
1623,Stoneybatter/Arbour Hill
1624,
1625,Kilmainham
1626,City Centre
1627,City Centre
1628,
1629,City Centre
1630,
1631,City Centre
1632,
1633,Ballsbridge
1634,City Centre
1635,City Centre
1636,Ballsbridge
1637,
1638,City Centre
1639,Drumcondra
1640,East Wall
1641,Phibsborough
1642,Rathgar
1643,Rialto
1644,Smithfield
1645,City Centre
1646,Smithfield
1647,
1648,City Centre
1649,
1650,City Centre
1651,Docklands
1652,Temple Bar
1653,
1654,City Centre
1655,
1656,City Centre
1657,
1658,City Centre
1659,
1660,Temple Bar
1661,
1662,City Centre
1663,North City Central/O'Connell Street
1664,
1665,Docklands
1666,Ringsend/Irishtown
1667,
1668,City Centre
1669,
1670,Ranelagh and Rathmines
1671,
1672,Temple Bar
1673,
1674,City Centre
1675,Docklands
1676,
1677,City Centre
1678,Ranelagh and Rathmines
1679,
1680,City Centre
1681,
1682,City Centre
1683,Drumcondra
1684,Marino
1685,
1686,City Centre
1687,
1688,City Centre
1689,
1690,City Centre
1691,
1692,City Centre
1693,
1694,City Centre
1695,Temple Bar
1696,Docklands
1697,
1698,City Centre
1699,
1700,City Centre
1701,
1702,City Centre
1703,
1704,Ballsbridge
1705,Ballsbridge
1706,Ranelagh and Rathmines
1707,Sandymount
1708,
1709,Temple Bar
1710,
1711,City Centre
1712,
1713,City Centre
1714,
1715,City Centre
1716,
1717,City Centre
1718,Clontarf
1719,Docklands
1720,East Wall
1721,Fairview
1722,North City Central/O'Connell Street
1723,North Strand
1724,City Centre
1725,North City Central/O'Connell Street
1726,Clontarf
1727,Courtlands
1728,Docklands
1729,Donnybrook
1730,East Wall
1731,Edenmore
1732,Fairview
1733,Finglas
1734,North Strand
1735,Old City
1736,City Centre
1737,North City Central/O'Connell Street
1738,Clontarf
1739,Docklands
1740,East Wall
1741,Fairview
1742,North Strand
1743,
1744,City Centre
1745,Docklands
1746,Docklands
1747,
1748,City Centre
1749,
1750,City Centre
1751,
1752,City Centre
1753,
1754,City Centre
1755,
1756,City Centre
1757,
1758,Churchtown
1759,Smithfield
1760,Stoneybatter/Arbour Hill
1761,Temple Bar
1762,City Centre
1763,Smithfield
1764,Stoneybatter/Arbour Hill
1765,Temple Bar
1766,Smithfield
1767,Stoneybatter/Arbour Hill
1768,Temple Bar
1769,
1770,Old City
1771,
1772,City Centre
1773,
1774,City Centre
1775,
1776,Blackrock
1777,Churchtown
1778,Clondalkin
1779,Crumlin
1780,Harold's Cross
1781,Kimmage
1782,Terenure
1783,
1784,City Centre
1785,
1786,Ballsbridge
1787,Blackrock
1788,Donnybrook
1789,
1790,City Centre
1791,City Centre
1792,Temple Bar
1793,
1794,City Centre
1795,Georgian Quarter
1796,Grafton Street/St. Stephens Green
1797,Georgian Quarter
1798,Grafton Street/St. Stephens Green
1799,Old City
1800,Temple Bar
1801,
1802,City Centre
1803,
1804,City Centre
1805,
1806,City Centre
1807,
1808,City Centre
1809,
1810,City Centre
1811,
1812,City Centre
1813,City Centre
1814,Old City
1815,
1816,City Centre
1817,
1818,City Centre
1819,Temple Bar
1820,
1821,City Centre
1822,
1823,City Centre
1824,
1825,City Centre
1826,
1827,Georgian Quarter
1828,
1829,City Centre
1830,Ranelagh and Rathmines
1831,
1832,City Centre
1833,
1834,Kilmainham
1835,Kilmainham
1836,Rialto
1837,Rialto
1838,
1839,City Centre
1840,Old City
1841,
1842,City Centre
1843,Temple Bar
1844,
1845,City Centre
1846,
1847,City Centre
1848,
1849,City Centre
1850,
1851,City Centre
1852,
1853,Phibsborough
1854,
1855,City Centre
1856,Grafton Street/St. Stephens Green
1857,
1858,City Centre
1859,Old City
1860,
1861,City Centre
1862,
1863,City Centre
1864,Temple Bar
1865,
1866,City Centre
1867,Temple Bar
1868,
1869,City Centre
1870,Temple Bar
1871,Ballsbridge
1872,
1873,Ballsbridge
1874,
1875,City Centre
1876,
1877,City Centre
1878,Old City
1879,
1880,City Centre
1881,City Centre
1882,Temple Bar
1883,
1884,City Centre
1885,
1886,City Centre
1887,
1888,City Centre
1889,
1890,Ballsbridge
1891,Blackrock
1892,Booterstown
1893,Donnybrook
1894,Monkstown
1895,Sandymount
1896,
1897,City Centre
1898,
1899,City Centre
1900,City Centre
1901,North City Central/O'Connell Street
1902,Ranelagh and Rathmines
1903,
1904,City Centre
1905,
1906,Dundrum
1907,
1908,City Centre
1909,
1910,City Centre
1911,Inchicore
1912,Old City
1913,
1914,City Centre
1915,
1916,City Centre
1917,
1918,City Centre
1919,
1920,Temple Bar
1921,
1922,City Centre
1923,City Centre
1924,
1925,City Centre
1926,
1927,City Centre
1928,Old City
1929,
1930,City Centre
1931,Temple Bar
1932,
1933,City Centre
1934,
1935,City Centre
1936,
1937,City Centre
1938,
1939,City Centre
1940,North City Central/O'Connell Street
1941,
1942,City Centre
1943,Drumcondra
1944,City Centre
1945,Phibsborough
1946,
1947,City Centre
1948,
1949,City Centre
1950,
1951,City Centre
1952,
1953,City Centre
1954,
1955,City Centre
1956,Docklands
1957,
1958,City Centre
1959,
1960,City Centre
1961,Old City
1962,Temple Bar
1963,
1964,Ballsbridge
1965,
1966,City Centre
1967,
1968,City Centre
1969,
1970,City Centre
1971,
1972,City Centre
1973,
1974,City Centre
1975,
1976,Old City
1977,
1978,City Centre
1979,Docklands
1980,Old City
1981,Temple Bar
1982,Trinity College
1983,
1984,City Centre
1985,
1986,City Centre
1987,City Centre
1988,North City Central/O'Connell Street
1989,
1990,City Centre
1991,
1992,Artane
1993,
1994,City Centre
1995,Grafton Street/St. Stephens Green
1996,Temple Bar
1997,Trinity College
1998,Drumcondra
1999,Docklands
2000,Addison Park
2001,Artane
2002,Ballinteer
2003,Ballsbridge
2004,Ballybough
2005,Ballyfermot
2006,Ballymun
2007,Beaumont
2008,Blackrock
2009,
2010,Docklands
2011,
2012,City Centre
2013,City Centre
2014,Old City
2015,Old City
2016,City Centre
2017,Old City
2018,City Centre
2019,Old City
2020,
2021,City Centre
2022,
2023,City Centre
2024,City Centre
2025,North City Central/O'Connell Street
2026,
2027,City Centre
2028,North City Central/O'Connell Street
2029,
2030,City Centre
2031,
2032,City Centre
2033,
2034,Docklands
2035,
2036,Docklands
2037,Ringsend/Irishtown
2038,
2039,City Centre
2040,
2041,Drumcondra
2042,
2043,Temple Bar
2044,
2045,Docklands
2046,
2047,City Centre
2048,
2049,City Centre
2050,
2051,City Centre
2052,
2053,Temple Bar
2054,
2055,City Centre
2056,
2057,City Centre
2058,City Centre
2059,Temple Bar
2060,
2061,City Centre
2062,Old City
2063,
2064,Clontarf
2065,
2066,City Centre
2067,Smithfield
2068,
2069,Smithfield
2070,Smithfield
2071,Stoneybatter/Arbour Hill
2072,
2073,City Centre
2074,
2075,City Centre
2076,
2077,City Centre
2078,
2079,City Centre
2080,
2081,City Centre
2082,
2083,City Centre
2084,
2085,City Centre
2086,
2087,City Centre
2088,Old City
2089,
2090,City Centre
2091,
2092,City Centre
2093,Old City
2094,
2095,City Centre
2096,
2097,City Centre
2098,
2099,City Centre
2100,
2101,City Centre
2102,City Centre
2103,
2104,City Centre
2105,Old City
2106,Old City
2107,
2108,City Centre
2109,Ranelagh and Rathmines
2110,Portobello
2111,
2112,City Centre
2113,Ranelagh and Rathmines
2114,Portobello
2115,Rathgar
2116,
2117,City Centre
2118,
2119,City Centre
2120,Temple Bar
2121,Temple Bar
2122,
2123,Clondalkin
2124,
2125,Ballsbridge
2126,City Centre
2127,City Centre
2128,
2129,Ballsbridge
2130,
2131,Ballsbridge
2132,
2133,Ballsbridge
2134,
2135,City Centre
2136,
2137,City Centre
2138,
2139,City Centre
2140,City Centre
2141,Ballsbridge
2142,City Centre
2143,Docklands
2144,Ballsbridge
2145,Bonnybrook/Darndale
2146,
2147,Ranelagh and Rathmines
2148,
2149,City Centre
2150,City Centre
2151,Ranelagh and Rathmines
2152,
2153,City Centre
2154,Docklands
2155,
2156,City Centre
2157,
2158,City Centre
2159,
2160,City Centre
2161,
2162,City Centre
2163,
2164,City Centre
2165,Old City
2166,Temple Bar
2167,Trinity College
2168,
2169,City Centre
2170,Ballsbridge
2171,
2172,City Centre
2173,City Centre
2174,Ballsbridge
2175,
2176,City Centre
2177,City Centre
2178,Ballsbridge
2179,City Centre
2180,Ballsbridge
2181,
2182,City Centre
2183,
2184,City Centre
2185,
2186,City Centre
2187,
2188,City Centre
2189,
2190,City Centre
2191,
2192,City Centre
2193,
2194,City Centre
2195,
2196,City Centre
2197,
2198,City Centre
2199,City Centre
2200,North City Central/O'Connell Street
2201,Temple Bar
2202,Temple Bar
2203,
2204,City Centre
2205,Temple Bar
2206,Temple Bar
2207,Temple Bar
2208,Templeogue
2209,
2210,City Centre
2211,
2212,City Centre
2213,
2214,City Centre
2215,City Centre
2216,Old City
2217,Old City
2218,
2219,City Centre
2220,Old City
2221,
2222,City Centre
2223,City Centre
2224,North City Central/O'Connell Street
2225,
2226,City Centre
2227,
2228,City Centre
2229,North City Central/O'Connell Street
2230,
2231,City Centre
2232,
2233,East Wall
2234,
2235,City Centre
2236,Old City
2237,
2238,Old City
2239,
2240,City Centre
2241,Old City
2242,
2243,City Centre
2244,
2245,City Centre
2246,
2247,City Centre
2248,
2249,City Centre
2250,
2251,City Centre
2252,
2253,Grafton Street/St. Stephens Green
2254,Phoenix Park and Surrounds
2255,Portobello
2256,Smithfield
2257,Temple Bar
2258,Trinity College
2259,
2260,Ballsbridge
2261,Drumcondra
2262,Grafton Street/St. Stephens Green
2263,Ranelagh and Rathmines
2264,Ringsend/Irishtown
2265,Sandymount
2266,Smithfield
2267,Temple Bar
2268,Trinity College
2269,
2270,Ballsbridge
2271,Donnybrook
2272,Kilmainham
2273,Portobello
2274,Ballsbridge
2275,Donnybrook
2276,Portobello
2277,Ballsbridge
2278,Donnybrook
2279,Kilmainham
2280,Portobello
2281,
2282,City Centre
2283,
2284,City Centre
2285,
2286,City Centre
2287,North City Central/O'Connell Street
2288,Smithfield
2289,City Centre
2290,North City Central/O'Connell Street
2291,Smithfield
2292,Docklands
2293,Fairview
2294,Phibsborough
2295,Portobello
2296,Ranelagh and Rathmines
2297,Rathfarnham
2298,Temple Bar
2299,
2300,City Centre
2301,
2302,City Centre
2303,
2304,Marino
2305,
2306,City Centre
2307,
2308,City Centre
2309,City Centre
2310,Old City
2311,Docklands
2312,
2313,City Centre
2314,
2315,City Centre
2316,
2317,City Centre
2318,
2319,City Centre
2320,Docklands
2321,Georgian Quarter
2322,Grafton Street/St. Stephens Green
2323,Ranelagh and Rathmines
2324,
2325,City Centre
2326,
2327,City Centre
2328,Temple Bar
2329,
2330,City Centre
2331,
2332,Dundrum
2333,
2334,City Centre
2335,
2336,Dundrum
2337,
2338,City Centre
2339,
2340,City Centre
2341,
2342,City Centre
2343,City Centre
2344,Old City
2345,
2346,City Centre
2347,
2348,City Centre
2349,East Wall
2350,
2351,East Wall
2352,
2353,Ranelagh and Rathmines
2354,
2355,City Centre
2356,
2357,City Centre
2358,
2359,City Centre
2360,
2361,Ranelagh and Rathmines
2362,
2363,City Centre
2364,
2365,City Centre
2366,
2367,City Centre
2368,
2369,City Centre
2370,
2371,City Centre
2372,
2373,City Centre
2374,
2375,City Centre
2376,Ranelagh and Rathmines
2377,
2378,City Centre
2379,
2380,City Centre
2381,
2382,City Centre
2383,
2384,Ballsbridge
2385,
2386,Temple Bar
2387,
2388,City Centre
2389,Ballsbridge
2390,Ranelagh and Rathmines
2391,
2392,Temple Bar
2393,
2394,City Centre
2395,City Centre
2396,
2397,City Centre
2398,
2399,City Centre
2400,
2401,Smithfield
2402,
2403,City Centre
2404,City Centre
2405,
2406,City Centre
2407,
2408,City Centre
2409,
2410,City Centre
2411,
2412,City Centre
2413,
2414,Ranelagh and Rathmines
2415,
2416,City Centre
2417,Old City
2418,
2419,City Centre
2420,
2421,City Centre
2422,City Centre
2423,Temple Bar
2424,Grafton Street/St. Stephens Green
2425,Grafton Street/St. Stephens Green
2426,Temple Bar
2427,Old City
2428,Temple Bar
2429,
2430,City Centre
2431,Temple Bar
2432,Trinity College
2433,
2434,Temple Bar
2435,
2436,Grafton Street/St. Stephens Green
2437,
2438,City Centre
2439,
2440,Old City
2441,
2442,Ballsbridge
2443,
2444,Ranelagh and Rathmines
2445,
2446,City Centre
2447,
2448,City Centre
2449,
2450,City Centre
2451,Castleknock
2452,Finglas
2453,Grafton Street/St. Stephens Green
2454,Phoenix Park and Surrounds
2455,
2456,Addison Park
2457,Ballsbridge
2458,Blackrock
2459,Ranelagh and Rathmines
2460,Rathgar
2461,Sandymount
2462,Ranelagh and Rathmines
2463,
2464,City Centre
2465,Ballsbridge
2466,Donnybrook
2467,Georgian Quarter
2468,Ranelagh and Rathmines
2469,
2470,City Centre
2471,
2472,City Centre
2473,Temple Bar
2474,
2475,City Centre
2476,
2477,City Centre
2478,
2479,City Centre
2480,
2481,City Centre
2482,Old City
2483,Temple Bar
2484,Trinity College
2485,
2486,City Centre
2487,Docklands
2488,Blackrock
2489,Grafton Street/St. Stephens Green
2490,Harold's Cross
2491,Old City
2492,Portobello
2493,Ranelagh and Rathmines
2494,Rathgar
2495,Rialto
2496,
2497,City Centre
2498,
2499,Ballsbridge
2500,Docklands
2501,Donnybrook
2502,Inchicore
2503,Ranelagh and Rathmines
2504,Sandymount
2505,Sandymount
2506,Ballsbridge
2507,Docklands
2508,Donnybrook
2509,Inchicore
2510,
2511,City Centre
2512,
2513,City Centre
2514,Temple Bar
2515,City Centre
2516,Temple Bar
2517,Old City
2518,Trinity College
2519,
2520,City Centre
2521,
2522,City Centre
2523,
2524,City Centre
2525,
2526,City Centre
2527,City Centre
2528,
2529,City Centre
2530,
2531,City Centre
2532,
2533,Temple Bar
2534,
2535,City Centre
2536,City Centre
2537,City Centre
2538,
2539,Ardilea
2540,Donnybrook
2541,
2542,City Centre
2543,
2544,City Centre
2545,
2546,City Centre
2547,North City Central/O'Connell Street
2548,City Centre
2549,Old City
2550,
2551,Temple Bar
2552,
2553,City Centre
2554,
2555,Docklands
2556,
2557,City Centre
2558,City Centre
2559,Rathfarnham
2560,Clontarf
2561,Ranelagh and Rathmines
2562,Smithfield
2563,
2564,City Centre
2565,Temple Bar
2566,Old City
2567,
2568,City Centre
2569,Docklands
2570,Docklands
2571,
2572,City Centre
2573,
2574,City Centre
2575,
2576,City Centre
2577,
2578,City Centre
2579,
2580,City Centre
2581,
2582,City Centre
2583,Old City
2584,
2585,City Centre
2586,
2587,Ballsbridge
2588,Ringsend/Irishtown
2589,Sandymount
2590,
2591,City Centre
2592,
2593,City Centre
2594,
2595,City Centre
2596,
2597,City Centre
2598,
2599,Temple Bar
2600,
2601,Ballsbridge
2602,Portobello
2603,Temple Bar
2604,Trinity College
2605,City Centre
2606,Ballsbridge
2607,Ballymun
2608,Kilmainham
2609,Phibsborough
2610,Portobello
2611,Temple Bar
2612,Trinity College
2613,Docklands
2614,Ballsbridge
2615,Dundrum
2616,Kilmainham
2617,North City Central/O'Connell Street
2618,Portobello
2619,Temple Bar
2620,Trinity College
2621,
2622,City Centre
2623,
2624,Dartry
2625,Docklands
2626,Donnybrook
2627,Ranelagh and Rathmines
2628,Rathgar
2629,Sandymount
2630,
2631,City Centre
2632,
2633,City Centre
2634,Ranelagh and Rathmines
2635,Donnybrook
2636,Temple Bar
2637,Docklands
2638,
2639,City Centre
2640,Docklands
2641,Old City
2642,Ballyfermot
2643,Courtlands
2644,Old City
2645,City Centre
2646,Docklands
2647,Old City
2648,City Centre
2649,Docklands
2650,Old City
2651,Portobello
2652,
2653,City Centre
2654,City Centre
2655,North City Central/O'Connell Street
2656,
2657,City Centre
2658,North City Central/O'Connell Street
2659,
2660,City Centre
2661,Docklands
2662,
2663,City Centre
2664,
2665,City Centre
2666,
2667,City Centre
2668,
2669,City Centre
2670,City Centre
2671,
2672,City Centre
2673,
2674,City Centre
2675,
2676,City Centre
2677,Old City
2678,
2679,City Centre
2680,Temple Bar
2681,Trinity College
2682,
2683,City Centre
2684,
2685,City Centre
2686,
2687,City Centre
2688,City Centre
2689,Ranelagh and Rathmines
2690,
2691,City Centre
2692,
2693,City Centre
2694,
2695,City Centre
2696,Docklands
2697,
2698,City Centre
2699,
2700,City Centre
2701,
2702,City Centre
2703,
2704,City Centre
2705,Old City
2706,
2707,City Centre
2708,
2709,City Centre
2710,
2711,Temple Bar
2712,
2713,City Centre
2714,
2715,North City Central/O'Connell Street
2716,
2717,City Centre
2718,
2719,City Centre
2720,Old City
2721,
2722,City Centre
2723,
2724,City Centre
2725,
2726,City Centre
2727,
2728,City Centre
2729,
2730,City Centre
2731,
2732,Ringsend/Irishtown
2733,
2734,City Centre
2735,
2736,City Centre
2737,
2738,City Centre
2739,
2740,City Centre
2741,
2742,City Centre
2743,Trinity College
2744,
2745,City Centre
2746,Ballsbridge
2747,Grafton Street/St. Stephens Green
2748,Temple Bar
2749,City Centre
2750,Ballsbridge
2751,Grafton Street/St. Stephens Green
2752,Temple Bar
2753,Trinity College
2754,
2755,City Centre
2756,North City Central/O'Connell Street
2757,
2758,City Centre
2759,
2760,City Centre
2761,Old City
2762,Old City
2763,
2764,City Centre
2765,
2766,City Centre
2767,
2768,City Centre
2769,
2770,City Centre
2771,
2772,Docklands
2773,Old City
2774,
2775,City Centre
2776,
2777,City Centre
2778,Portobello
2779,
2780,City Centre
2781,
2782,Ballsbridge
2783,
2784,City Centre
2785,
2786,City Centre
2787,
2788,City Centre
2789,
2790,Smithfield
2791,Stoneybatter/Arbour Hill
2792,
2793,City Centre
2794,North City Central/O'Connell Street
2795,
2796,City Centre
2797,
2798,City Centre
2799,
2800,Ballsbridge
2801,Donnybrook
2802,
2803,Ballsbridge
2804,Donnybrook
2805,
2806,City Centre
2807,
2808,City Centre
2809,
2810,City Centre
2811,Trinity College
2812,
2813,City Centre
2814,
2815,City Centre
2816,
2817,City Centre
2818,Old City
2819,
2820,Temple Bar
2821,
2822,City Centre
2823,
2824,City Centre
2825,
2826,City Centre
2827,
2828,City Centre
2829,
2830,Docklands
2831,
2832,City Centre
2833,Ballsbridge
2834,Donnybrook
2835,Portobello
2836,Ranelagh and Rathmines
2837,
2838,City Centre
2839,
2840,City Centre
2841,
2842,Temple Bar
2843,Trinity College
2844,
2845,City Centre
2846,
2847,City Centre
2848,
2849,City Centre
2850,
2851,City Centre
2852,
2853,City Centre
2854,
2855,City Centre
2856,Old City
2857,Docklands
2858,
2859,City Centre
2860,Drumcondra
2861,North City Central/O'Connell Street
2862,City Centre
2863,North City Central/O'Connell Street
2864,Drumcondra
2865,City Centre
2866,Temple Bar
2867,
2868,City Centre
2869,
2870,City Centre
2871,
2872,City Centre
2873,
2874,City Centre
2875,
2876,City Centre
2877,
2878,Temple Bar
2879,
2880,City Centre
2881,
2882,City Centre
2883,City Centre
2884,Docklands
2885,City Centre
2886,North City Central/O'Connell Street
2887,
2888,City Centre
2889,
2890,City Centre
2891,
2892,City Centre
2893,Temple Bar
2894,City Centre
2895,
2896,Temple Bar
2897,
2898,North City Central/O'Connell Street
2899,
2900,City Centre
2901,
2902,City Centre
2903,Temple Bar
2904,
2905,Old City
2906,
2907,City Centre
2908,Old City
2909,North City Central/O'Connell Street
2910,
2911,City Centre
2912,
2913,City Centre
2914,
2915,Old City
2916,
2917,City Centre
2918,City Centre
2919,Old City
2920,City Centre
2921,Old City
2922,Docklands
2923,
2924,City Centre
2925,Old City
2926,
2927,Crumlin
2928,
2929,City Centre
2930,
2931,City Centre
2932,
2933,City Centre
2934,North City Central/O'Connell Street
2935,
2936,City Centre
2937,
2938,City Centre
2939,
2940,City Centre
2941,North City Central/O'Connell Street
2942,Ballsbridge
2943,Fairview
2944,Georgian Quarter
2945,Phibsborough
2946,
2947,City Centre
2948,
2949,City Centre
2950,
2951,City Centre
2952,
2953,City Centre
2954,
2955,City Centre
2956,
2957,City Centre
2958,
2959,City Centre
2960,
2961,City Centre
2962,Temple Bar
2963,
2964,City Centre
2965,
2966,City Centre
2967,Trinity College
2968,
2969,City Centre
2970,
2971,City Centre
2972,
2973,City Centre
2974,Old City
2975,
2976,City Centre
2977,Docklands
2978,City Centre
2979,Docklands
2980,
2981,Ranelagh and Rathmines
2982,Rathgar
2983,
2984,City Centre
2985,
2986,City Centre
2987,City Centre
2988,Docklands
2989,
2990,City Centre
2991,City Centre
2992,Temple Bar
2993,
2994,City Centre
2995,
2996,City Centre
2997,City Centre
2998,
2999,City Centre
3000,Temple Bar
3001,Trinity College
3002,
3003,City Centre
3004,Docklands
3005,
3006,City Centre
3007,
3008,City Centre
3009,City Centre
3010,Drumcondra
3011,Docklands
3012,City Centre
3013,North City Central/O'Connell Street
3014,
3015,City Centre
3016,
3017,City Centre
3018,Old City
3019,
3020,Sandymount
3021,
3022,City Centre
3023,Temple Bar
3024,Temple Bar
3025,
3026,City Centre
3027,
3028,City Centre
3029,City Centre
3030,
3031,City Centre
3032,
3033,City Centre
3034,City Centre
3035,
3036,Knocklyon
3037,
3038,City Centre
3039,
3040,Ballsbridge
3041,Dundrum
3042,Georgian Quarter
3043,Sandymount
3044,
3045,City Centre
3046,
3047,City Centre
3048,Temple Bar
3049,Temple Bar
3050,
3051,Trinity College
3052,
3053,City Centre
3054,
3055,City Centre
3056,
3057,City Centre
3058,Old City
3059,
3060,City Centre
3061,North City Central/O'Connell Street
3062,
3063,City Centre
3064,
3065,City Centre
3066,Temple Bar
3067,
3068,Docklands
3069,
3070,City Centre
3071,City Centre
3072,North City Central/O'Connell Street
3073,Smithfield
3074,City Centre
3075,Old City
3076,North City Central/O'Connell Street
3077,Smithfield
3078,
3079,Temple Bar
3080,
3081,City Centre
3082,
3083,Ballsbridge
3084,
3085,City Centre
3086,
3087,City Centre
3088,Temple Bar
3089,
3090,City Centre
3091,City Centre
3092,Drumcondra
3093,
3094,City Centre
3095,City Centre
3096,Drumcondra
3097,Drumcondra
3098,
3099,City Centre
3100,
3101,Rathgar
3102,
3103,City Centre
3104,
3105,Temple Bar
3106,
3107,City Centre
3108,City Centre
3109,Docklands
3110,
3111,Temple Bar
3112,
3113,City Centre
3114,
3115,Ranelagh and Rathmines
3116,Rathgar
3117,
3118,City Centre
3119,
3120,City Centre
3121,
3122,City Centre
3123,Georgian Quarter
3124,Grafton Street/St. Stephens Green
3125,Kilmainham
3126,Temple Bar
3127,Trinity College
3128,City Centre
3129,Georgian Quarter
3130,Grafton Street/St. Stephens Green
3131,Temple Bar
3132,Trinity College
3133,
3134,Ballsbridge
3135,Blackrock
3136,Booterstown
3137,Donnybrook
3138,Ringsend/Irishtown
3139,Sandymount
3140,
3141,City Centre
3142,
3143,City Centre
3144,
3145,City Centre
3146,
3147,City Centre
3148,
3149,City Centre
3150,
3151,Donnybrook
3152,
3153,City Centre
3154,
3155,City Centre
3156,
3157,City Centre
3158,Docklands
3159,Trinity College
3160,
3161,City Centre
3162,
3163,City Centre
3164,
3165,City Centre
3166,
3167,City Centre
3168,Old City
3169,
3170,Donnybrook
3171,
3172,Donnybrook
3173,
3174,City Centre
3175,
3176,City Centre
3177,Old City
3178,
3179,City Centre
3180,
3181,Ballsbridge
3182,
3183,City Centre
3184,
3185,City Centre
3186,
3187,City Centre
3188,Docklands
3189,Old City
3190,
3191,Temple Bar
3192,
3193,City Centre
3194,
3195,City Centre
3196,
3197,City Centre
3198,Docklands
3199,Old City
3200,Rialto
3201,Phoenix Park and Surrounds
3202,Rialto
3203,Trinity College
3204,
3205,City Centre
3206,Temple Bar
3207,Docklands
3208,
3209,City Centre
3210,Temple Bar
3211,Docklands
3212,
3213,Temple Bar
3214,
3215,City Centre
3216,
3217,Grafton Street/St. Stephens Green
3218,Portobello
3219,Rialto
3220,Smithfield
3221,Temple Bar
3222,Trinity College
3223,
3224,City Centre
3225,Donnybrook
3226,Old City
3227,Ranelagh and Rathmines
3228,Sandymount
3229,Ranelagh and Rathmines
3230,
3231,Ranelagh and Rathmines
3232,
3233,North City Central/O'Connell Street
3234,
3235,City Centre
3236,
3237,City Centre
3238,
3239,City Centre
3240,
3241,City Centre
3242,
3243,City Centre
3244,
3245,City Centre
3246,
3247,City Centre
3248,
3249,City Centre
3250,
3251,City Centre
3252,
3253,Temple Bar
3254,
3255,City Centre
3256,
3257,City Centre
3258,
3259,City Centre
3260,City Centre
3261,Temple Bar
3262,Temple Bar
3263,
3264,City Centre
3265,
3266,City Centre
3267,
3268,City Centre
3269,
3270,City Centre
3271,
3272,Ranelagh and Rathmines
3273,
3274,City Centre
3275,Ranelagh and Rathmines
3276,Temple Bar
3277,
3278,Sandymount
3279,
3280,Blackrock
3281,
3282,City Centre
3283,
3284,Phibsborough
3285,Phibsborough
3286,Phibsborough
3287,
3288,Phibsborough
3289,
3290,City Centre
3291,Old City
3292,
3293,City Centre
3294,
3295,City Centre
3296,
3297,City Centre
3298,City Centre
3299,Ranelagh and Rathmines
3300,Ranelagh and Rathmines
3301,
3302,City Centre
3303,
3304,City Centre
3305,
3306,City Centre
3307,Temple Bar
3308,
3309,City Centre
3310,Old City
3311,
3312,City Centre
3313,Grafton Street/St. Stephens Green
3314,Temple Bar
3315,Trinity College
3316,
3317,City Centre
3318,
3319,Blackrock
3320,
3321,Blackrock
3322,
3323,Blackrock
3324,
3325,Old City
3326,City Centre
3327,Temple Bar
3328,Old City
3329,City Centre
3330,Temple Bar
3331,
3332,City Centre
3333,
3334,City Centre
3335,
3336,Docklands
3337,East Wall
3338,East Wall
3339,
3340,City Centre
3341,
3342,City Centre
3343,Temple Bar
3344,
3345,City Centre
3346,
3347,City Centre
3348,Temple Bar
3349,
3350,City Centre
3351,
3352,City Centre
3353,
3354,City Centre
3355,
3356,Harold's Cross
3357,
3358,City Centre
3359,
3360,Rialto
3361,
3362,City Centre
3363,
3364,City Centre
3365,
3366,City Centre
3367,
3368,City Centre
3369,
3370,City Centre
3371,
3372,City Centre
3373,Temple Bar
3374,
3375,City Centre
3376,North City Central/O'Connell Street
3377,
3378,City Centre
3379,
3380,City Centre
3381,
3382,Ballsbridge
3383,Sandymount
3384,
3385,City Centre
3386,
3387,City Centre
3388,Temple Bar
3389,
3390,City Centre
3391,
3392,City Centre
3393,
3394,City Centre
3395,
3396,City Centre
3397,City Centre
3398,Temple Bar
3399,Temple Bar
3400,
3401,City Centre
3402,Santry
3403,Drumcondra
3404,Santry
3405,Santry
3406,
3407,City Centre
3408,
3409,City Centre
3410,Docklands
3411,City Centre
3412,Temple Bar
3413,
3414,City Centre
3415,City Centre
3416,Docklands
3417,Old City
3418,City Centre
3419,Old City
3420,
3421,City Centre
3422,Old City
3423,
3424,Raheny
3425,
3426,City Centre
3427,City Centre
3428,City Centre
3429,Temple Bar
3430,Old City
3431,
3432,City Centre
3433,
3434,City Centre
3435,
3436,City Centre
3437,
3438,City Centre
3439,
3440,City Centre
3441,
3442,City Centre
3443,
3444,City Centre
3445,
3446,City Centre
3447,Old City
3448,Docklands
3449,Temple Bar
3450,Trinity College
3451,Trinity College
3452,
3453,Old City
3454,Trinity College
3455,Trinity College
3456,
3457,City Centre
3458,
3459,City Centre
3460,
3461,City Centre
3462,
3463,City Centre
3464,
3465,Portobello
3466,
3467,City Centre
3468,Smithfield
3469,Smithfield
3470,
3471,City Centre
3472,
3473,City Centre
3474,
3475,City Centre
3476,City Centre
3477,Phibsborough
3478,City Centre
3479,City Centre
3480,Phibsborough
3481,
3482,City Centre
3483,North City Central/O'Connell Street
3484,Old City
3485,
3486,City Centre
3487,
3488,City Centre
3489,Old City
3490,
3491,North City Central/O'Connell Street
3492,
3493,Portobello
3494,
3495,City Centre
3496,
3497,City Centre
3498,
3499,Old City
3500,Temple Bar
3501,Trinity College
3502,
3503,City Centre
3504,Portobello
3505,Temple Bar
3506,Trinity College
3507,
3508,Temple Bar
3509,
3510,City Centre
3511,
3512,City Centre
3513,
3514,City Centre
3515,
3516,City Centre
3517,
3518,Clontarf
3519,
3520,City Centre
3521,
3522,City Centre
3523,Old City
3524,Stoneybatter/Arbour Hill
3525,
3526,City Centre
3527,
3528,City Centre
3529,North City Central/O'Connell Street
3530,Old City
3531,
3532,City Centre
3533,
3534,City Centre
3535,
3536,City Centre
3537,
3538,City Centre
3539,
3540,City Centre
3541,
3542,City Centre
3543,City Centre
3544,Temple Bar
3545,
3546,City Centre
3547,
3548,City Centre
3549,
3550,City Centre
3551,
3552,Temple Bar
3553,
3554,City Centre
3555,
3556,City Centre
3557,
3558,Kilmainham
3559,
3560,Kilmainham
3561,Kilmainham
3562,
3563,Kilmainham
3564,Kilmainham
3565,Kilmainham
3566,
3567,City Centre
3568,
3569,City Centre
3570,
3571,Temple Bar
3572,
3573,Portobello
3574,Smithfield
3575,Stoneybatter/Arbour Hill
3576,Portobello
3577,Stoneybatter/Arbour Hill
3578,
3579,City Centre
3580,Old City
3581,
3582,City Centre
3583,
3584,Portobello
3585,
3586,City Centre
3587,City Centre
3588,North City Central/O'Connell Street
3589,Old City
3590,Drumcondra
3591,Drumcondra
3592,
3593,City Centre
3594,
3595,City Centre
3596,
3597,City Centre
3598,Temple Bar
3599,Clontarf
3600,Drumcondra
3601,
3602,City Centre
3603,
3604,City Centre
3605,
3606,City Centre
3607,Ranelagh and Rathmines
3608,Rathgar
3609,
3610,Docklands
3611,Ringsend/Irishtown
3612,
3613,City Centre
3614,Old City
3615,
3616,City Centre
3617,
3618,City Centre
3619,
3620,City Centre
3621,
3622,City Centre
3623,
3624,City Centre
3625,City Centre
3626,North City Central/O'Connell Street
3627,City Centre
3628,
3629,City Centre
3630,
3631,City Centre
3632,City Centre
3633,Temple Bar
3634,
3635,Ballsbridge
3636,
3637,City Centre
3638,
3639,City Centre
3640,
3641,City Centre
3642,
3643,City Centre
3644,Terenure
3645,Old City
3646,Docklands
3647,Donnybrook
3648,Dundrum
3649,Temple Bar
3650,
3651,Old City
3652,City Centre
3653,Temple Bar
3654,
3655,City Centre
3656,
3657,Ballsbridge
3658,Blackrock
3659,Booterstown
3660,Donnybrook
3661,
3662,Ranelagh and Rathmines
3663,
3664,City Centre
3665,City Centre
3666,Old City
3667,
3668,City Centre
3669,
3670,City Centre
3671,
3672,City Centre
3673,
3674,Addison Park
3675,
3676,City Centre
3677,Docklands
3678,Grafton Street/St. Stephens Green
3679,Temple Bar
3680,Trinity College
3681,
3682,City Centre
3683,
3684,City Centre
3685,
3686,City Centre
3687,Old City
3688,
3689,City Centre
3690,Trinity College
3691,City Centre
3692,Trinity College
3693,Georgian Quarter
3694,
3695,City Centre
3696,
3697,City Centre
3698,
3699,City Centre
3700,
3701,City Centre
3702,
3703,City Centre
3704,
3705,City Centre
3706,
3707,City Centre
3708,Ballsbridge
3709,Sandymount
3710,
3711,Grafton Street/St. Stephens Green
3712,Ranelagh and Rathmines
3713,Smithfield
3714,
3715,East Wall
3716,
3717,City Centre
3718,
3719,City Centre
3720,City Centre
3721,Old City
3722,North City Central/O'Connell Street
3723,
3724,City Centre
3725,
3726,City Centre
3727,Old City
3728,
3729,City Centre
3730,
3731,City Centre
3732,
3733,City Centre
3734,
3735,City Centre
3736,
3737,Ranelagh and Rathmines
3738,
3739,City Centre
3740,Stoneybatter/Arbour Hill
3741,
3742,Docklands
3743,
3744,City Centre
